id,meeting_name,moderatoremail,thumbnail,details_description,dateandtime,endtime,price,paypal_id 
35,PPPLT06,izabelawest@gmail.com,6/BBB/bugs1.png,asdfadf,2020-11-17 12:40:00+00,2020-11-17 13:40:00+00,10,2020-12-
137,test-broken-url,fam@atnum.uk,60318572-d666-461c-94fb-da4d1ed402e2/BBB/bugs1.png,test-broken-url,2020-11-17 12:40:00+00,2020-11-17 13:40:00+00,10, 00001
138,fffffff,nscode1@gmail.com,044b58e4-57e4-4486-8d2b-26d33e30730a/BBB/bugs1.png,dddddddd,2020-11-17 14:04:00+00,2020-11-17 15:05:00+00,10, 00002
139,test-broken-url2,fam@atnum.uk,60318572-d666-461c-94fb-da4d1ed402e2/BBB/bugs1.png,test-broken-url,2020-11-17 12:40:00+00,2020-11-17 13:40:00+00,10, 00001
140,gggggggg,nscode1@gmail.com,044b58e4-57e4-4486-8d2b-26d33e30730a/BBB/bugs1.png,dddddddd,2020-11-17 14:04:00+00,2020-11-17 15:05:00+00,10, 00002
141,test-broken-url3,fam@atnum.uk,60318572-d666-461c-94fb-da4d1ed402e2/BBB/bugs1.png,test-broken-url,2020-11-17 12:40:00+00,2020-11-17 13:40:00+00,10, 00001
142,hhhhhhh,nscode1@gmail.com,044b58e4-57e4-4486-8d2b-26d33e30730a/BBB/bugs1.png,dddddddd,2020-11-17 14:04:00+00,2020-11-17 15:05:00+00,10, 00002
143,test-broken-url3,nigel447@gmail.com,60318572-d666-461c-94fb-da4d1ed402e2/BBB/bugs1.png,test-broken-url,2020-11-17 12:40:00+00,2020-11-17 13:40:00+00,10, 00003
144,iiiiiiiiii,nigel447@gmail.com,044b58e4-57e4-4486-8d2b-26d33e30730a/BBB/bugs1.png,dddddddd,2020-11-17 14:04:00+00,2020-11-17 15:05:00+00,10, 00003
